{"name":"7a54a51a-b9fb-449e-8d8e-da0b6c1c5059","id":"/providers/Microsoft.Flow/flows/7a54a51a-b9fb-449e-8d8e-da0b6c1c5059","type":"Microsoft.Flow/flows","properties":{"apiId":"/providers/Microsoft.PowerApps/apis/shared_logicflows","displayName":"Follow Up","definition":{"metadata":{"workflowEntityId":null,"flowclientsuspensionreason":"None","flowclientsuspensiontime":null,"creator":{"id":"93ad5045-b4a0-4a0f-a866-aeb362c45ea3","type":"User","tenantId":"888e7954-51c2-4b3f-a6dc-0c6f7b1357b4"},"provisioningMethod":"FromDefinition","failureAlertSubscription":true,"clientLastModifiedTime":"2021-04-07T08:52:27.4906806Z"},"$schema":"https://schema.management.azure.com/providers/Microsoft.Logic/schemas/2016-06-01/workflowdefinition.json#","contentVersion":"1.0.0.0","parameters":{"$connections":{"defaultValue":{},"type":"Object"},"$authentication":{"defaultValue":{},"type":"SecureObject"}},"triggers":{"manual":{"splitOn":"@triggerBody()['rows']","metadata":{"flowSystemMetadata":{"swaggerOperationId":"ForASelectedMessage","inputsAdaptiveCard":"{\"type\":\"AdaptiveCard\",\"$schema\":\"http://adaptivecards.io/schemas/adaptive-card.json\",\"version\":\"1.2\",\"body\":[{\"text\":\"Please select the time interval for your reminder\",\"type\":\"TextBlock\"},{\"choices\":[{\"title\":\"5 min\",\"value\":\"5\"},{\"title\":\"15 min\",\"value\":\"15\"},{\"title\":\"30 min\",\"value\":\"30\"},{\"title\":\"1 hour\",\"value\":\"60\"},{\"title\":\"1 day\",\"value\":\"1440\"}],\"type\":\"Input.ChoiceSet\",\"id\":\"time\"},{\"text\":\"Please select to whom who wish to send the reminder \",\"type\":\"TextBlock\"},{\"choices\":[{\"title\":\"Myself\",\"value\":\"1\"},{\"title\":\"The team\",\"value\":\"0\"}],\"type\":\"Input.ChoiceSet\",\"id\":\"recipient\"}],\"-ms-tokens\":{}}"}},"type":"Request","kind":"ApiConnection","inputs":{"schema":{"type":"object","properties":{"rows":{"type":"array","items":{"type":"object","properties":{"entity":{"type":"object","properties":{"cardOutputs":{"type":"object","properties":{"recipient":{"title":"recipient","type":"string"},"time":{"title":"time","type":"string"}}},"teamsFlowRunContext":{"type":"object","properties":{"channelData":{"type":"object","properties":{"team":{"type":"object","properties":{"aadGroupId":{"title":"Team ID","type":"string"}},"required":[]},"channel":{"type":"object","properties":{"id":{"title":"Channel ID","type":"string"}},"required":[]}},"required":[]},"from":{"type":"object","properties":{"aadObjectId":{"title":"Originating User ID","type":"string"}},"required":[]}}}},"required":["cardOutputs","teamsFlowRunContext"]}},"required":["entity"]}}},"required":["rows"]},"host":{"connection":{"name":"@parameters('$connections')['shared_teams']['connectionId']"},"api":{"runtimeUrl":"https://europe-002.azure-apim.net/apim/teams"}},"operationId":"ForASelectedMessage","parameters":{"inputsAdaptiveCard":"{\"type\":\"AdaptiveCard\",\"$schema\":\"http://adaptivecards.io/schemas/adaptive-card.json\",\"version\":\"1.2\",\"body\":[{\"text\":\"Please select the time interval for your reminder\",\"type\":\"TextBlock\"},{\"choices\":[{\"title\":\"5 min\",\"value\":\"5\"},{\"title\":\"15 min\",\"value\":\"15\"},{\"title\":\"30 min\",\"value\":\"30\"},{\"title\":\"1 hour\",\"value\":\"60\"},{\"title\":\"1 day\",\"value\":\"1440\"}],\"type\":\"Input.ChoiceSet\",\"id\":\"time\"},{\"text\":\"Please select to whom who wish to send the reminder \",\"type\":\"TextBlock\"},{\"choices\":[{\"title\":\"Myself\",\"value\":\"1\"},{\"title\":\"The team\",\"value\":\"0\"}],\"type\":\"Input.ChoiceSet\",\"id\":\"recipient\"}],\"-ms-tokens\":{}}"}}}},"actions":{"Delay_2":{"runAfter":{},"type":"Wait","inputs":{"interval":{"count":"@triggerBody()?['entity']?['cardOutputs']?['time']","unit":"Second"}}},"Condition":{"actions":{"Post_your_own_adaptive_card_as_the_Flow_bot_to_a_user":{"runAfter":{},"type":"OpenApiConnection","inputs":{"host":{"apiId":"/providers/Microsoft.PowerApps/apis/shared_teams","connectionName":"shared_teams","operationId":"PostUserAdaptiveCard"},"parameters":{"PostAdaptiveCardRequest/recipient/to":"@{triggerBody()?['entity']?['teamsFlowRunContext']?['from']?['aadObjectId']};","PostAdaptiveCardRequest/messageBody":"{\n    \"type\": \"AdaptiveCard\",\n    \"$schema\": \"http://adaptivecards.io/schemas/adaptive-card.json\",\n    \"version\": \"1.2\",\n    \"body\": [\n        {\n            \"type\": \"TextBlock\",\n            \"size\": \"Large\",\n            \"weight\": \"Bolder\",\n            \"text\": \"Message reminder\"\n        },\n        {\n            \"type\": \"TextBlock\",\n            \"text\": \"Reminder to follow up on a message from @{triggerBody()?['entity']?['teamsFlowRunContext']?['messagePayload']?['from']?['user']?['displayName']}\"\n        },\n        {\n            \"type\": \"TextBlock\",\n            \"text\": \"Message content:\",\n            \"weight\": \"Bolder\",\n            \"separator\": true\n        },\n        {\n            \"type\": \"TextBlock\",\n            \"text\": \"@{triggerBody()?['entity']?['teamsFlowRunContext']?['messagePayload']?['body']?['plainText']}\"\n        }\n    ],\n    \"actions\": [\n        {\n            \"type\": \"Action.OpenUrl\",\n            \"title\": \"View message\",\n            \"url\": \"@{triggerBody()?['entity']?['teamsFlowRunContext']?['messagePayload']?['linkToMessage']}\"\n        }\n    ]\n}","PostAdaptiveCardRequest/messageTitle":"The time set for the Reminder is expired","PostAdaptiveCardRequest/recipient/summary":"Reminder","PostAdaptiveCardRequest/recipient/isAlert":true},"authentication":{"value":"@json(decodeBase64(triggerOutputs().headers['X-MS-APIM-Tokens']))['$ConnectionKey']","type":"Raw"}}}},"runAfter":{"Delay_2":["Succeeded"]},"else":{"actions":{"Post_your_own_adaptive_card_as_the_Flow_bot_to_a_channel":{"runAfter":{},"type":"OpenApiConnection","inputs":{"host":{"apiId":"/providers/Microsoft.PowerApps/apis/shared_teams","connectionName":"shared_teams","operationId":"PostChannelAdaptiveCard"},"parameters":{"groupId":"@triggerBody()?['entity']?['teamsFlowRunContext']?['channelData']?['team']?['aadGroupId']","PostAdaptiveCardRequest/recipient/channelId":"@triggerBody()?['entity']?['teamsFlowRunContext']?['channelData']?['channel']?['id']","PostAdaptiveCardRequest/messageBody":"{\n    \"type\": \"AdaptiveCard\",\n    \"$schema\": \"http://adaptivecards.io/schemas/adaptive-card.json\",\n    \"version\": \"1.2\",\n    \"body\": [\n        {\n            \"type\": \"TextBlock\",\n            \"size\": \"Large\",\n            \"weight\": \"Bolder\",\n            \"text\": \"Message reminder\"\n        },\n        {\n            \"type\": \"TextBlock\",\n            \"text\": \"Reminder to follow up on a message from @{triggerBody()?['entity']?['teamsFlowRunContext']?['messagePayload']?['from']?['user']?['displayName']}\"\n        },\n        {\n            \"type\": \"TextBlock\",\n            \"text\": \"Message content:\",\n            \"weight\": \"Bolder\",\n            \"separator\": true\n        },\n        {\n            \"type\": \"TextBlock\",\n            \"text\": \"@{triggerBody()?['entity']?['teamsFlowRunContext']?['messagePayload']?['body']?['plainText']}\"\n        }\n    ],\n    \"actions\": [\n        {\n            \"type\": \"Action.OpenUrl\",\n            \"title\": \"View message\",\n            \"url\": \"@{triggerBody()?['entity']?['teamsFlowRunContext']?['messagePayload']?['linkToMessage']}\"\n        }\n    ]\n}","PostAdaptiveCardRequest/messageTitle":"The time set for the Reminder is expired"},"authentication":{"value":"@json(decodeBase64(triggerOutputs().headers['X-MS-APIM-Tokens']))['$ConnectionKey']","type":"Raw"}}}}},"expression":{"or":[{"equals":["@triggerBody()?['entity']?['cardOutputs']?['recipient']","1"]},{"and":[{"equals":["@triggerBody()?['entity']?['teamsFlowRunContext']?['channelData']?['team']?['aadGroupId']","@null"]},{"equals":["@triggerBody()?['entity']?['teamsFlowRunContext']?['channelData']?['channel']?['id']","@null"]}]}]},"type":"If"}}},"connectionReferences":{"shared_teams":{"connectionName":"shared-teams-c3dc10d0-5ab2-4a33-8c17-0425-2f6b628e","source":"Invoker","id":"/providers/Microsoft.PowerApps/apis/shared_teams","tier":"NotSpecified"}},"flowFailureAlertSubscribed":false}}